Date,Close/Last,Volume,Open,High,Low
07/23/2021,$10.45,8442638,$10.36,$10.49,$10.25
07/22/2021,$10.34,10454920,$10.45,$10.47,$10.31
07/21/2021,$10.44,11752500,$10.47,$10.515,$10.36
07/20/2021,$10.47,12824740,$10.4,$10.55,$10.28
07/19/2021,$10.37,11789620,$10.22,$10.475,$10.17
07/16/2021,$10.32,8255008,$10.27,$10.38,$10.21
07/15/2021,$10.28,12170060,$10.53,$10.61,$10.24
07/14/2021,$10.53,8869889,$10.7,$10.78,$10.5
07/13/2021,$10.64,5642625,$10.59,$10.74,$10.59
07/12/2021,$10.63,11518770,$10.57,$10.715,$10.55
07/09/2021,$10.53,24606590,$10.6,$10.625,$10.28
07/08/2021,$10.68,15915530,$10.58,$10.77,$10.45
07/07/2021,$10.86,17908130,$11.18,$11.18,$10.775
07/06/2021,$11.16,17971640,$10.95,$11.25,$10.9
07/02/2021,$10.91,18630380,$10.81,$10.91,$10.6
07/01/2021,$10.77,18020560,$10.56,$10.89,$10.45
06/30/2021,$10.63,9709146,$10.7,$10.73,$10.575
06/29/2021,$10.78,8005500,$10.78,$10.8,$10.6
06/28/2021,$10.78,13888080,$10.71,$10.95,$10.67
06/25/2021,$10.65,22377960,$10.47,$10.74,$10.41
06/24/2021,$10.44,11046890,$10.317,$10.48,$10.31
06/23/2021,$10.27,16213100,$10.35,$10.48,$10.21
06/22/2021,$10.33,7904252,$10.47,$10.52,$10.295
06/21/2021,$10.48,16292940,$10.34,$10.585,$10.15
06/18/2021,$10.32,20182540,$10.49,$10.57,$10.23
06/17/2021,$10.58,17857640,$10.2,$10.75,$10.17
06/16/2021,$10.29,23880540,$10.18,$10.38,$9.96
06/15/2021,$10.4,8139427,$10.67,$10.705,$10.33
06/14/2021,$10.65,9151608,$10.625,$10.77,$10.56
06/11/2021,$10.55,6582280,$10.43,$10.58,$10.41
06/10/2021,$10.43,6815021,$10.31,$10.45,$10.265
06/09/2021,$10.31,8444852,$10.43,$10.47,$10.28
06/08/2021,$10.4,10288480,$10.42,$10.43,$10.31
06/07/2021,$10.36,13369870,$10.495,$10.54,$10.31
06/04/2021,$10.49,8523946,$10.47,$10.53,$10.41
06/03/2021,$10.4,13007110,$10.59,$10.62,$10.37
06/02/2021,$10.65,9478311,$10.78,$10.78,$10.57
06/01/2021,$10.75,10386040,$10.98,$10.98,$10.69
05/28/2021,$10.84,9683163,$10.881,$10.905,$10.8
05/27/2021,$10.77,14868730,$10.56,$10.83,$10.451
05/26/2021,$10.58,12144240,$10.57,$10.7,$10.56
05/25/2021,$10.52,12566950,$10.4,$10.56,$10.32
05/24/2021,$10.39,10368440,$10.36,$10.51,$10.345
05/21/2021,$10.32,14660610,$10.49,$10.5,$10.31
05/20/2021,$10.46,17027160,$10.42,$10.5795,$10.41
05/19/2021,$10.37,13018180,$10.07,$10.43,$10.01
05/18/2021,$10.2,16562480,$10.18,$10.48,$10.17
05/17/2021,$10.14,12025470,$10.17,$10.21,$10.02
05/14/2021,$10.23,10057090,$10,$10.25,$9.9301
05/13/2021,$9.87,13780240,$10.059,$10.07,$9.76
05/12/2021,$9.94,16675510,$10.22,$10.39,$9.92
05/11/2021,$10.38,15626230,$10.102,$10.49,$10.1
05/10/2021,$10.33,20128600,$10.88,$10.92,$10.25
05/07/2021,$10.99,15043660,$10.77,$11.165,$10.74
05/06/2021,$10.71,30496210,$10.65,$10.8,$10.32
05/05/2021,$10.14,21986590,$10.31,$10.465,$10.055
05/04/2021,$10.19,20099000,$10.56,$10.5889,$10.0401
05/03/2021,$10.63,15346500,$10.86,$10.95,$10.6
04/30/2021,$10.82,11311170,$11.05,$11.12,$10.82
04/29/2021,$11.12,8748266,$11.154,$11.17,$10.98
04/28/2021,$11.06,12559040,$11,$11.22,$10.95
04/27/2021,$11.02,17700690,$11.02,$11.37,$10.97
04/26/2021,$11.03,16151900,$10.76,$11.07,$10.69
04/23/2021,$10.67,11957980,$10.66,$10.79,$10.59
04/22/2021,$10.63,8831547,$10.58,$10.77,$10.52
04/21/2021,$10.59,9788504,$10.41,$10.6,$10.37
04/20/2021,$10.48,9805043,$10.56,$10.62,$10.44
04/19/2021,$10.59,18696400,$10.89,$10.8918,$10.49
04/16/2021,$10.56,16136420,$10.69,$10.71,$10.43
04/15/2021,$10.73,9879294,$10.65,$10.78,$10.52
04/14/2021,$10.56,8034925,$10.598,$10.83,$10.53
04/13/2021,$10.66,9737655,$10.74,$10.835,$10.61
04/12/2021,$10.68,9252674,$10.51,$10.69,$10.505
04/09/2021,$10.61,11285810,$10.62,$10.64,$10.5
04/08/2021,$10.68,14150620,$10.72,$10.81,$10.62
04/07/2021,$10.55,7119716,$10.47,$10.55,$10.41
04/06/2021,$10.54,16724820,$10.59,$10.75,$10.46
04/05/2021,$10.66,13527300,$10.51,$10.69,$10.42
04/01/2021,$10.48,11643370,$10.26,$10.5,$10.26
03/31/2021,$10.21,14837210,$10.08,$10.365,$10.075
03/30/2021,$10.06,13041680,$10.01,$10.1,$9.935
03/29/2021,$10.09,11468860,$10.05,$10.115,$9.96
03/26/2021,$10.06,14692300,$9.81,$10.07,$9.78
03/25/2021,$9.82,20257850,$9.605,$9.83,$9.58
03/24/2021,$9.72,20291530,$10,$10.01,$9.67
03/23/2021,$9.98,15002050,$10.05,$10.12,$9.865
03/22/2021,$10.03,17136270,$10.05,$10.22,$10
03/19/2021,$9.98,15583670,$9.93,$10.07,$9.77
03/18/2021,$9.89,10571850,$10,$10.05,$9.83
03/17/2021,$10.13,18048580,$10.162,$10.17,$9.8
03/16/2021,$10.31,12077420,$10.06,$10.47,$10.05
03/15/2021,$10.28,14566240,$10.2,$10.3,$10.02
03/12/2021,$10.16,12408840,$10.1,$10.17,$9.96
03/11/2021,$10.21,14986520,$10.2,$10.26,$10.02
03/10/2021,$9.95,22448710,$10.38,$10.41,$9.92
03/09/2021,$10.28,17765780,$10.25,$10.47,$10.11
03/08/2021,$9.85,23107300,$10.32,$10.4,$9.83
03/05/2021,$10.31,24459100,$10.556,$10.57,$9.8
03/04/2021,$10.48,32835030,$10.96,$11.1,$10.17
03/03/2021,$11.09,20000300,$11.45,$11.49,$11.01
03/02/2021,$11.39,9378996,$11.65,$11.69,$11.36
03/01/2021,$11.56,15259170,$11.28,$11.615,$11.28
02/26/2021,$11.15,30034140,$11.105,$11.48,$10.969
02/25/2021,$11.04,12682360,$11.195,$11.389,$11.02
02/24/2021,$11.29,14240320,$11.35,$11.47,$11.25
02/23/2021,$11.4,32173340,$11.27,$11.46,$10.92
02/22/2021,$11.69,21868740,$11.95,$12.08,$11.62
02/19/2021,$12.18,26393810,$12.24,$12.32,$11.99
02/18/2021,$12.1,48698070,$11.48,$12.3,$11.35
02/17/2021,$11.54,16341600,$11.45,$11.58,$11.312
02/16/2021,$11.5,27078590,$11.665,$11.7,$11.34
02/12/2021,$11.6,30318030,$11.88,$12,$11.49
02/11/2021,$11.98,60109510,$11.584,$12.27,$11.11
02/10/2021,$11.16,33663860,$11.55,$11.58,$11.015
02/09/2021,$11.33,32543530,$11.48,$11.49,$11.08
02/08/2021,$11.02,43368630,$11,$11.19,$10.82
02/05/2021,$10.68,23577570,$10.36,$10.77,$10.3
02/04/2021,$10.29,11404300,$10.32,$10.44,$10.16
02/03/2021,$10.26,15321540,$10.38,$10.4,$10.2
02/02/2021,$10.33,16966490,$10.24,$10.3899,$10.08
02/01/2021,$10.14,14032270,$10.35,$10.35,$9.98
01/29/2021,$9.91,16726760,$9.805,$10.07,$9.77
01/28/2021,$9.85,15739570,$9.9823,$10.0199,$9.82
01/27/2021,$9.89,40111800,$10.37,$10.38,$9.84
01/26/2021,$10.37,19568290,$10.31,$10.49,$10.2
01/25/2021,$10.32,32702220,$10.97,$11.02,$10.25
01/22/2021,$10.71,33810160,$10.39,$10.825,$10.35
01/21/2021,$10.35,56264920,$10.3,$11.09,$10.19
01/20/2021,$10.22,44028700,$9.95,$10.33,$9.91
01/19/2021,$9.935,24050810,$9.771,$9.95,$9.71
01/15/2021,$9.67,21066760,$9.973,$10.01,$9.66
01/14/2021,$9.91,19469080,$9.86,$10.04,$9.815
01/13/2021,$9.81,25316500,$9.59,$9.93,$9.43
01/12/2021,$9.57,41091910,$9.65,$9.75,$9.35
01/11/2021,$9.61,27139130,$9.87,$9.915,$9.58
01/08/2021,$9.92,18200560,$9.9,$10.17,$9.8817
01/07/2021,$9.84,12410950,$9.71,$9.875,$9.68
01/06/2021,$9.6,26313150,$9.63,$9.84,$9.515
01/05/2021,$9.84,15215500,$9.74,$9.87,$9.65
01/04/2021,$9.77,19949450,$9.84,$9.92,$9.71
12/31/2020,$9.87,12434710,$9.77,$9.8884,$9.66
12/30/2020,$9.72,11168230,$9.58,$9.77,$9.56
12/29/2020,$9.61,18694970,$9.747,$9.8,$9.49
12/28/2020,$9.73,17426240,$9.989,$10.05,$9.71
12/24/2020,$9.91,5187689,$9.9,$10,$9.84
12/23/2020,$9.93,12359340,$9.99,$10.03,$9.79
12/22/2020,$9.99,18080680,$9.99,$10.14,$9.91
12/21/2020,$9.87,18320710,$9.95,$10.01,$9.71
12/18/2020,$9.94,33321750,$9.61,$10.02,$9.59
12/17/2020,$9.61,22564440,$9.59,$9.645,$9.42
12/16/2020,$9.52,33190130,$9.3,$9.555,$9.25
12/15/2020,$9.12,44766530,$8.86,$9.18,$8.82
12/14/2020,$8.71,28715870,$8.62,$8.885,$8.6
12/11/2020,$8.69,11862390,$8.65,$8.77,$8.61
12/10/2020,$8.66,9178347,$8.58,$8.66,$8.53
12/09/2020,$8.62,27444070,$8.85,$8.8569,$8.47
12/08/2020,$8.84,24831620,$8.86,$8.965,$8.75
12/07/2020,$8.87,23825600,$8.79,$8.995,$8.77
12/04/2020,$8.78,42383120,$8.43,$8.84,$8.427
12/03/2020,$8.42,21104590,$8.38,$8.45,$8.31
12/02/2020,$8.32,16373330,$8.145,$8.39,$8.12
12/01/2020,$8.24,12741720,$8.2,$8.28,$8.09
11/30/2020,$8.25,17220000,$8.25,$8.34,$8.065
11/27/2020,$8.23,11427820,$8.08,$8.29,$8.07
11/25/2020,$8.04,22830940,$8.03,$8.11,$7.86
11/24/2020,$8,22327880,$8.238,$8.24,$7.94
11/23/2020,$8.22,14039110,$8.4,$8.445,$8.2
11/20/2020,$8.35,20995020,$8.18,$8.45,$8.17
11/19/2020,$8.16,23201190,$7.9,$8.3,$7.872
11/18/2020,$7.91,20150160,$8.04,$8.05,$7.89
11/17/2020,$7.98,19463210,$7.992,$8.04,$7.91
11/16/2020,$7.96,28587060,$8,$8.06,$7.85
11/13/2020,$8.13,15438110,$8.23,$8.23,$8.03
11/12/2020,$8.18,19139340,$8.07,$8.24,$8.05
11/11/2020,$8,24899960,$8.22,$8.25,$7.97
11/10/2020,$8.14,35323690,$8.03,$8.175,$7.77
11/09/2020,$7.95,64262770,$8.56,$8.63,$7.935
11/06/2020,$8.725,53665020,$9.12,$9.12,$8.61
11/05/2020,$9.15,74147770,$9.29,$9.32,$8.82
11/04/2020,$9.87,34556690,$9.8,$9.915,$9.67
11/03/2020,$9.51,18082670,$9.3,$9.57,$9.24
11/02/2020,$9.27,23791420,$9.16,$9.31,$9.06
10/30/2020,$8.99,19828760,$9.306,$9.32,$8.89
10/29/2020,$9.33,10454240,$9.48,$9.49,$9.22
10/28/2020,$9.43,10103860,$9.405,$9.46,$9.22
10/27/2020,$9.45,9825229,$9.44,$9.505,$9.4
10/26/2020,$9.33,12098310,$9.45,$9.52,$9.3
10/23/2020,$9.44,15276360,$9.49,$9.52,$9.34
10/22/2020,$9.3,18251570,$9.09,$9.34,$8.94
10/21/2020,$9.11,15850060,$9.041,$9.215,$9.03
10/20/2020,$8.98,10663670,$9.02,$9.095,$8.9023
10/19/2020,$8.99,12065580,$9.198,$9.3,$8.98
10/16/2020,$9.16,9487726,$9.22,$9.275,$9.15
10/15/2020,$9.18,13502440,$9.3,$9.34,$9.15
10/14/2020,$9.37,13638800,$9.55,$9.56,$9.3
10/13/2020,$9.54,18047100,$9.34,$9.54,$9.19
10/12/2020,$9.3,16205060,$9.4,$9.45,$9.24
10/09/2020,$9.31,14270820,$9.36,$9.42,$9.3
10/08/2020,$9.3,17297120,$9.64,$9.64,$9.29
10/07/2020,$9.58,23306670,$9.626,$9.68,$9.55
10/06/2020,$9.57,20781260,$9.58,$9.72,$9.51
10/05/2020,$9.57,15512610,$9.4,$9.59,$9.33
10/02/2020,$9.32,22873930,$9.295,$9.56,$9.26
10/01/2020,$9.49,27127570,$9.22,$9.61,$9.21
09/30/2020,$9.12,21289370,$9.2,$9.23,$9.05
09/29/2020,$9.12,15237170,$9.06,$9.25,$9.03
09/28/2020,$9.07,14662300,$9.03,$9.08,$8.91
09/25/2020,$8.96,15305000,$8.88,$9.02,$8.83
09/24/2020,$8.85,20508650,$8.65,$8.92,$8.6
09/23/2020,$8.7,19126760,$8.714,$8.87,$8.68
09/22/2020,$8.7,14774750,$8.66,$8.71,$8.48
09/21/2020,$8.63,16915650,$8.36,$8.64,$8.34
09/18/2020,$8.46,18617250,$8.38,$8.48,$8.255
09/17/2020,$8.38,14501950,$8.17,$8.39,$8.1
09/16/2020,$8.3,19064980,$8.55,$8.59,$8.27
09/15/2020,$8.52,10240980,$8.42,$8.57,$8.41
09/14/2020,$8.39,10432050,$8.4,$8.49,$8.32
09/11/2020,$8.35,12010180,$8.53,$8.59,$8.27
09/10/2020,$8.5,30129990,$8.54,$8.76,$8.4825
09/09/2020,$8.46,17320170,$8.426,$8.54,$8.295
09/08/2020,$8.315,24520000,$8.495,$8.61,$8.29
09/04/2020,$8.75,30607770,$8.985,$9.015,$8.362
09/03/2020,$9.1,45478780,$8.91,$9.13,$8.54
09/02/2020,$9.06,15242110,$9.1,$9.145,$8.87
09/01/2020,$9.07,12708640,$9.01,$9.19,$9
08/31/2020,$9.06,18510510,$9.06,$9.15,$8.86
08/28/2020,$9.06,16271830,$9.022,$9.21,$9.01
08/27/2020,$8.99,24944220,$9.16,$9.16,$8.87
08/26/2020,$9.15,16400900,$9.16,$9.35,$9.085
08/25/2020,$9.18,19237840,$9.18,$9.19,$9.055
08/24/2020,$9.22,13150120,$9.3,$9.41,$9.14
08/21/2020,$9.31,9743587,$9.44,$9.47,$9.29
08/20/2020,$9.43,9755495,$9.3,$9.495,$9.26
08/19/2020,$9.32,16463820,$9.46,$9.51,$9.31
08/18/2020,$9.42,12457620,$9.39,$9.475,$9.32
08/17/2020,$9.36,12403180,$9.39,$9.42,$9.265
08/14/2020,$9.38,18763620,$9.3,$9.435,$9.18
08/13/2020,$9.25,15394570,$9.2,$9.33,$9.095
08/12/2020,$9.11,35080310,$9,$9.19,$8.96
08/11/2020,$9.01,36316280,$9.3,$9.31,$8.71
08/10/2020,$9.47,24782140,$9.75,$9.79,$9.32
08/07/2020,$9.73,43213840,$9.7,$10.1599,$9.6
08/06/2020,$9.95,41908420,$10.52,$10.69,$9.91
08/05/2020,$10.07,29534640,$10.16,$10.18,$9.88
08/04/2020,$10.19,14514530,$10.255,$10.2565,$10.06
08/03/2020,$10.14,20978160,$9.9,$10.18,$9.883
07/31/2020,$9.83,16401680,$9.8,$9.89,$9.7
07/30/2020,$9.71,11310650,$9.63,$9.78,$9.53
07/29/2020,$9.69,11762860,$9.54,$9.73,$9.46
07/28/2020,$9.49,8982420,$9.78,$9.78,$9.48
07/27/2020,$9.72,10867880,$9.62,$9.775,$9.535
07/24/2020,$9.55,14140630,$9.41,$9.63,$9.26
07/23/2020,$9.52,14859880,$9.8,$9.855,$9.46
07/22/2020,$9.81,15123600,$9.865,$9.94,$9.7
07/21/2020,$9.74,20870690,$9.9,$9.93,$9.64
07/20/2020,$9.83,16615610,$9.54,$9.835,$9.45
07/17/2020,$9.45,12010920,$9.45,$9.5,$9.29
07/16/2020,$9.43,20059970,$9.4,$9.47,$9.29
07/15/2020,$9.47,31576600,$9.65,$9.75,$9.31
07/14/2020,$9.82,20832780,$9.67,$9.905,$9.44
07/13/2020,$9.75,25589400,$10.51,$10.51,$9.6636
07/10/2020,$10.38,17058200,$10.43,$10.48,$10.24
07/09/2020,$10.44,25009770,$10.42,$10.55,$10.12
07/08/2020,$10.25,26243790,$10.1,$10.275,$9.93
07/07/2020,$9.89,19626120,$9.74,$9.905,$9.68
07/06/2020,$9.72,22574050,$9.6,$9.88,$9.47
07/02/2020,$9.53,18523560,$9.82,$9.84,$9.49
07/01/2020,$9.76,26037170,$9.52,$9.79,$9.44
06/30/2020,$9.54,20894990,$9.56,$9.705,$9.51
06/29/2020,$9.56,13372200,$9.52,$9.61,$9.325
06/26/2020,$9.58,30011590,$9.63,$9.72,$9.44
06/25/2020,$9.61,16802550,$9.48,$9.65,$9.41
06/24/2020,$9.48,14121990,$9.59,$9.72,$9.365
06/23/2020,$9.565,17496350,$9.49,$9.77,$9.44
06/22/2020,$9.44,13296360,$9.34,$9.495,$9.3172
06/19/2020,$9.29,14549980,$9.28,$9.43,$9.21
06/18/2020,$9.22,11463670,$9.32,$9.4,$9.17
06/17/2020,$9.33,15369250,$9.1,$9.445,$9.095
06/16/2020,$9.05,19752790,$9.14,$9.16,$8.97
06/15/2020,$9.1,25966550,$9.07,$9.27,$9.01
06/12/2020,$9.11,32389310,$9.33,$9.43,$8.9
06/11/2020,$9.18,28467410,$9.08,$9.54,$9.04
06/10/2020,$9.33,29774520,$9.3,$9.42,$9.21
06/09/2020,$9.21,32950540,$9.27,$9.37,$9.09
06/08/2020,$9.15,26000250,$8.94,$9.15,$8.74
06/05/2020,$8.97,31297750,$8.815,$8.99,$8.6
06/04/2020,$9.05,25321500,$9.23,$9.34,$8.96
06/03/2020,$9.29,24058360,$9.61,$9.62,$9.23
06/02/2020,$9.59,39943480,$9.88,$9.92,$9.3
06/01/2020,$9.66,60592900,$9.4,$9.87,$9.26
05/29/2020,$9.15,60893530,$8.2,$9.19,$8.1792
05/28/2020,$8.07,16940820,$7.97,$8.18,$7.92
05/27/2020,$7.99,29061530,$8,$8.03,$7.65
05/26/2020,$8.09,17696370,$8.51,$8.53,$8.08
05/22/2020,$8.38,17676650,$8.16,$8.41,$8.11
05/21/2020,$8.135,13543310,$8.18,$8.365,$8.085
05/20/2020,$8.14,16522210,$8.14,$8.3,$8.1
05/19/2020,$8.04,15092180,$7.99,$8.17,$7.98
05/18/2020,$7.96,33607680,$8.1,$8.14,$7.88
05/15/2020,$8.04,17990710,$7.85,$8.05,$7.73
05/14/2020,$7.88,15159310,$7.67,$7.88,$7.57
05/13/2020,$7.69,19578060,$7.78,$7.96,$7.57
05/12/2020,$7.73,15756490,$7.97,$8,$7.72
05/11/2020,$7.94,14844950,$7.725,$8,$7.72
05/08/2020,$7.77,14757860,$7.66,$7.79,$7.6
05/07/2020,$7.64,39919510,$7.56,$7.78,$7.42
05/06/2020,$7.95,36807330,$7.71,$8,$7.68
05/05/2020,$7.62,15040230,$7.56,$7.73,$7.48
05/04/2020,$7.47,15229880,$7.29,$7.49,$7.18
05/01/2020,$7.25,20921730,$7.46,$7.53,$7.24
04/30/2020,$7.54,18952260,$7.57,$7.74,$7.51
04/29/2020,$7.58,17918480,$7.56,$7.635,$7.4
04/28/2020,$7.49,21262110,$7.81,$7.82,$7.41
04/27/2020,$7.74,17802210,$7.75,$7.85,$7.64
04/24/2020,$7.62,11461720,$7.59,$7.62,$7.48
04/23/2020,$7.45,12337850,$7.5,$7.54,$7.38
04/22/2020,$7.48,14436090,$7.47,$7.54,$7.27
04/21/2020,$7.51,18628020,$7.66,$7.7144,$7.39
04/20/2020,$7.64,13573920,$7.715,$7.8,$7.64
04/17/2020,$7.73,27163600,$7.75,$7.75,$7.52
04/16/2020,$7.75,22604350,$7.58,$7.8,$7.515
04/15/2020,$7.45,18581320,$7.14,$7.5,$7.1
04/14/2020,$7.22,15190980,$7.17,$7.37,$7.12
04/13/2020,$7.05,13791770,$6.92,$7.09,$6.84
04/09/2020,$6.91,24780400,$6.8,$6.92,$6.66
04/08/2020,$6.78,30724330,$6.62,$6.925,$6.51
04/07/2020,$6.56,33106330,$6.89,$6.92,$6.5
04/06/2020,$6.81,25742640,$6.8,$6.875,$6.6
04/03/2020,$6.64,17779730,$6.68,$6.75,$6.58
04/02/2020,$6.68,24294340,$6.71,$6.79,$6.55
04/01/2020,$6.76,12252340,$6.7,$7,$6.66
03/31/2020,$6.85,16357580,$6.84,$7.04,$6.76
03/30/2020,$6.86,18205250,$6.9,$6.935,$6.71
03/27/2020,$6.7,20058760,$6.72,$6.86,$6.58
03/26/2020,$6.74,24764770,$6.33,$6.785,$6.3
03/25/2020,$6.21,15976170,$6.4,$6.49,$6.15
03/24/2020,$6.38,22407150,$6.48,$6.78,$6.21
03/23/2020,$6.26,22030740,$6.05,$6.39,$5.96
03/20/2020,$5.94,26987900,$6.42,$6.68,$5.91
03/19/2020,$6.36,23770300,$6.2,$6.65,$6.11
03/18/2020,$6.2,27366840,$5.85,$6.38,$5.76
03/17/2020,$6.07,24905870,$6.1,$6.55,$5.65
03/16/2020,$5.87,24883630,$6.03,$6.64,$5.82
03/13/2020,$6.55,19343250,$6.49,$6.57,$6.18
03/12/2020,$6.04,22442300,$6.24,$6.39,$6.02
03/11/2020,$6.69,24401700,$6.69,$6.77,$6.53
03/10/2020,$6.83,16803810,$6.78,$6.85,$6.43
03/09/2020,$6.53,23815970,$6.57,$6.795,$6.48
03/06/2020,$7.06,23107150,$7.07,$7.21,$6.85
03/05/2020,$7.23,26563440,$7.1,$7.42,$7.07
03/04/2020,$7.23,18810640,$7.01,$7.25,$6.9311
03/03/2020,$6.88,22757670,$7.07,$7.07,$6.82
03/02/2020,$6.97,19379690,$6.84,$6.99,$6.72
02/28/2020,$6.71,25462690,$6.57,$6.82,$6.49
02/27/2020,$6.75,20070410,$6.75,$6.97,$6.67
02/26/2020,$6.88,16525570,$7.02,$7.1,$6.85
02/25/2020,$6.99,25043310,$7.1,$7.2,$6.94
02/24/2020,$7.02,24748590,$6.82,$7.11,$6.75
02/21/2020,$7.13,14497330,$7.13,$7.17,$7.06
02/20/2020,$7.18,16621070,$7.1,$7.29,$7.1
02/19/2020,$7.09,15484100,$7.1,$7.22,$7.08
02/18/2020,$7.09,21912190,$6.9,$7.095,$6.89
02/14/2020,$6.93,17105850,$6.95,$7.035,$6.8726
02/13/2020,$6.92,21070440,$6.73,$6.98,$6.71
02/12/2020,$6.75,12837290,$6.77,$6.84,$6.73
02/11/2020,$6.74,16649920,$6.8,$6.835,$6.71
02/10/2020,$6.79,26750470,$6.64,$6.805,$6.6
02/07/2020,$6.65,29492540,$6.64,$6.93,$6.62
02/06/2020,$6.71,72158580,$6.41,$6.88,$6.37
02/05/2020,$5.93,46641870,$6.11,$6.2333,$5.89
02/04/2020,$6.08,28860830,$6.04,$6.1,$5.89
02/03/2020,$5.96,21706150,$6.04,$6.1,$5.95
01/31/2020,$6.02,27571950,$6.07,$6.1,$5.97
01/30/2020,$6.08,28495500,$6.06,$6.13,$6.01
01/29/2020,$6.06,18544130,$6.11,$6.15,$6.03
01/28/2020,$6.07,27495020,$5.98,$6.19,$5.94
01/27/2020,$5.93,25822260,$6.05,$6.06,$5.9
01/24/2020,$6.1,33677620,$6.41,$6.425,$6.09
01/23/2020,$6.39,24225250,$6.53,$6.54,$6.385
01/22/2020,$6.52,18941650,$6.65,$6.66,$6.5
01/21/2020,$6.63,22626320,$6.67,$6.71,$6.58
01/17/2020,$6.67,23112580,$6.83,$6.84,$6.63
01/16/2020,$6.81,19010720,$6.88,$6.905,$6.8
01/15/2020,$6.85,13560670,$6.86,$6.92,$6.79
01/14/2020,$6.77,8772292,$6.78,$6.81,$6.7
01/13/2020,$6.77,10417260,$6.66,$6.8,$6.61
01/10/2020,$6.62,19879710,$6.71,$6.795,$6.6
01/09/2020,$6.7,17970250,$6.66,$6.78,$6.66
01/08/2020,$6.59,17937750,$6.48,$6.62,$6.46
01/07/2020,$6.49,24659540,$6.33,$6.5,$6.31
01/06/2020,$6.27,21707420,$6.14,$6.32,$6.14
01/03/2020,$6.23,10289980,$6.12,$6.23,$6.11
01/02/2020,$6.15,16609580,$6.19,$6.2,$6.12
12/31/2019,$6.12,10071120,$6.16,$6.175,$6.11
12/30/2019,$6.14,14308580,$6.29,$6.29,$6.05
12/27/2019,$6.25,7769108,$6.35,$6.35,$6.22
12/26/2019,$6.295,9597190,$6.33,$6.38,$6.29
12/24/2019,$6.33,3160846,$6.28,$6.33,$6.25
12/23/2019,$6.28,11451670,$6.24,$6.34,$6.2
12/20/2019,$6.26,23020790,$6.28,$6.295,$6.11
12/19/2019,$6.28,6612291,$6.26,$6.3,$6.23
12/18/2019,$6.27,10383040,$6.26,$6.3,$6.22
12/17/2019,$6.27,9110009,$6.27,$6.31,$6.23
12/16/2019,$6.27,7774203,$6.22,$6.32,$6.21
12/13/2019,$6.22,11547670,$6.23,$6.2751,$6.17
12/12/2019,$6.2,14731370,$6.13,$6.24,$6.105
12/11/2019,$6.14,13774800,$6.13,$6.15,$6.03
12/10/2019,$6.13,8984034,$6.14,$6.19,$6.1
12/09/2019,$6.16,10310850,$6.24,$6.26,$6.12
12/06/2019,$6.215,6653052,$6.25,$6.28,$6.21
12/05/2019,$6.24,7739556,$6.25,$6.29,$6.19
12/04/2019,$6.22,11093750,$6.18,$6.24,$6.16
12/03/2019,$6.145,15109630,$6.15,$6.17,$6.11
12/02/2019,$6.18,12381220,$6.21,$6.23,$6.13
11/29/2019,$6.23,4843218,$6.22,$6.275,$6.16
11/27/2019,$6.23,10840100,$6.26,$6.285,$6.2
11/26/2019,$6.26,15259450,$6.26,$6.28,$6.2
11/25/2019,$6.28,37810740,$6.1,$6.29,$6.05
11/22/2019,$6.09,9314045,$6.1,$6.1,$6.04
11/21/2019,$6.09,12958410,$6.23,$6.27,$6.06
11/20/2019,$6.23,10991720,$6.29,$6.3,$6.21
11/19/2019,$6.3,12175390,$6.29,$6.32,$6.19
11/18/2019,$6.26,8748740,$6.27,$6.28,$6.19
11/15/2019,$6.28,9080171,$6.35,$6.35,$6.26
11/14/2019,$6.33,4907045,$6.3,$6.36,$6.28
11/13/2019,$6.31,8632013,$6.31,$6.39,$6.3
11/12/2019,$6.34,14556160,$6.3,$6.39,$6.275
11/11/2019,$6.305,8784893,$6.24,$6.31,$6.23
11/08/2019,$6.28,9467393,$6.27,$6.29,$6.18
11/07/2019,$6.23,12123110,$6.29,$6.34,$6.22
11/06/2019,$6.29,10194760,$6.27,$6.32,$6.22
11/05/2019,$6.295,17828900,$6.28,$6.32,$6.2
11/04/2019,$6.25,14809800,$6.34,$6.34,$6.235
11/01/2019,$6.35,21310650,$6.21,$6.42,$6.16
10/31/2019,$6.17,28389690,$6.35,$6.465,$6.04
10/30/2019,$6.21,22405160,$6.12,$6.23,$6.07
10/29/2019,$6.07,19525690,$6.16,$6.17,$6.052
10/28/2019,$6.16,14500980,$6.15,$6.24,$6.07
10/25/2019,$6.16,16769850,$6.16,$6.2,$6.1
10/24/2019,$6.16,15552470,$6.11,$6.16,$6.07
10/23/2019,$6.08,13013750,$6.1,$6.22,$6.03
10/22/2019,$6.13,15608930,$6.28,$6.3,$6.125
10/21/2019,$6.29,17449280,$6.25,$6.35,$6.21
10/18/2019,$6.23,20229890,$6.24,$6.275,$6.12
10/17/2019,$6.24,14739500,$6.23,$6.31,$6.175
10/16/2019,$6.195,21038900,$6.17,$6.23,$6.12
10/15/2019,$6.19,13364330,$6.12,$6.2,$6.1
10/14/2019,$6.09,13973180,$6.15,$6.17,$6.04
10/11/2019,$6.14,12300250,$6.14,$6.2,$6.1
10/10/2019,$6.1,17619210,$6.12,$6.15,$6.02
10/09/2019,$6.125,18091050,$6.01,$6.16,$5.96
10/08/2019,$5.96,29326290,$5.96,$6.07,$5.88
10/07/2019,$5.99,15187520,$5.93,$6.02,$5.84
10/04/2019,$5.97,11581110,$5.84,$5.97,$5.82
10/03/2019,$5.81,14607590,$5.74,$5.83,$5.7
10/02/2019,$5.73,19197280,$5.75,$5.77,$5.63
10/01/2019,$5.78,16635550,$5.82,$5.89,$5.755
09/30/2019,$5.82,15902450,$5.85,$5.86,$5.725
09/27/2019,$5.84,22132250,$6.03,$6.055,$5.8
09/26/2019,$6,18114990,$6.03,$6.06,$5.93
09/25/2019,$6.04,11711840,$6.01,$6.08,$5.9708
09/24/2019,$6.03,14714800,$6.18,$6.19,$6
09/23/2019,$6.16,11902900,$6.15,$6.22,$6.08
09/20/2019,$6.16,16898360,$6.11,$6.18,$6.06
09/19/2019,$6.12,27513430,$6.01,$6.15,$6.01
09/18/2019,$6.04,28105160,$6.1,$6.15,$5.93
09/17/2019,$6.04,25002390,$6,$6.07,$5.91
09/16/2019,$5.87,18429710,$5.87,$5.935,$5.86
09/13/2019,$5.92,28001990,$5.8,$5.985,$5.65
09/12/2019,$5.88,19542430,$5.78,$5.94,$5.78
09/11/2019,$5.76,15696040,$5.75,$5.81,$5.73
09/10/2019,$5.72,20104070,$5.7,$5.78,$5.69
09/09/2019,$5.74,32470450,$5.86,$5.88,$5.73
09/06/2019,$5.86,29633950,$5.67,$5.92,$5.65
09/05/2019,$5.64,12354240,$5.67,$5.71,$5.59
09/04/2019,$5.63,15280170,$5.61,$5.66,$5.54
09/03/2019,$5.57,20491450,$5.65,$5.7,$5.5346
08/30/2019,$5.71,8403463,$5.82,$5.83,$5.68
08/29/2019,$5.79,10550490,$5.77,$5.84,$5.74
08/28/2019,$5.73,17534350,$5.68,$5.75,$5.57
08/27/2019,$5.72,19164900,$5.74,$5.84,$5.665
08/26/2019,$5.6,19078800,$5.63,$5.65,$5.53
08/23/2019,$5.57,18605960,$5.72,$5.8,$5.55
08/22/2019,$5.73,11955650,$5.82,$5.835,$5.67
08/21/2019,$5.83,10386070,$5.8,$5.86,$5.76
08/20/2019,$5.76,20448440,$5.62,$5.83,$5.62
08/19/2019,$5.65,29339050,$5.62,$5.69,$5.55
08/16/2019,$5.57,19673230,$5.58,$5.62,$5.52
08/15/2019,$5.55,31105410,$5.68,$5.72,$5.51
08/14/2019,$5.68,31219420,$5.88,$5.89,$5.64
08/13/2019,$5.92,16319880,$5.94,$6.02,$5.92
08/12/2019,$5.95,12214960,$6.0997,$6.0997,$5.93
08/09/2019,$6.09,11815540,$6.13,$6.15,$6.05
08/08/2019,$6.16,18454190,$6.08,$6.18,$6.04
08/07/2019,$6.02,17073010,$5.9,$6.08,$5.89
08/06/2019,$5.95,23568860,$5.95,$5.995,$5.87
08/05/2019,$5.88,26927870,$6.09,$6.12,$5.855
08/02/2019,$6.21,23575670,$6.35,$6.38,$6.18
08/01/2019,$6.39,42401640,$6.48,$6.65,$6.19
07/31/2019,$6.38,32010730,$6.45,$6.51,$6.27
07/30/2019,$6.44,12229100,$6.37,$6.45,$6.334
07/29/2019,$6.41,15077360,$6.51,$6.52,$6.31
07/26/2019,$6.46,20887920,$6.4,$6.52,$6.38
07/25/2019,$6.37,13370320,$6.38,$6.45,$6.3
07/24/2019,$6.34,12449350,$6.25,$6.36,$6.235
07/23/2019,$6.25,20516190,$6.33,$6.34,$6.18
07/22/2019,$6.28,17043150,$6.34,$6.39,$6.26
07/19/2019,$6.28,29113110,$6.37,$6.4,$6.27
07/18/2019,$6.3,42721390,$6.23,$6.35,$6.09
07/17/2019,$6.23,21314080,$6.31,$6.31,$6.15
07/16/2019,$6.29,21395390,$6.31,$6.32,$6.21
07/15/2019,$6.33,21548740,$6.29,$6.38,$6.275
07/12/2019,$6.27,16152620,$6.27,$6.29,$6.16
07/11/2019,$6.26,16357960,$6.31,$6.35,$6.18
07/10/2019,$6.29,20101040,$6.2,$6.3,$6.19
07/09/2019,$6.22,16040120,$6.13,$6.24,$6.12
07/08/2019,$6.17,19467960,$6.21,$6.225,$6.15
07/05/2019,$6.26,9556875,$6.2,$6.28,$6.11
07/03/2019,$6.2,24822820,$6.3,$6.31,$6.13
07/02/2019,$6.29,13798960,$6.25,$6.34,$6.23
07/01/2019,$6.25,16877410,$6.2,$6.28,$6.16
06/28/2019,$6.13,21704030,$6.06,$6.155,$5.96
06/27/2019,$6.04,16413330,$5.85,$6.09,$5.84
06/26/2019,$5.84,13743520,$5.91,$5.95,$5.8
06/25/2019,$5.87,15156490,$5.97,$6.085,$5.865
06/24/2019,$5.99,20945400,$6.01,$6.03,$5.91
06/21/2019,$6.05,48550230,$6.04,$6.056,$5.97
06/20/2019,$6.07,18712880,$6.09,$6.135,$6.01
06/19/2019,$6.07,13554080,$6.04,$6.08,$6
06/18/2019,$6.04,17914770,$6.08,$6.12,$6.01
06/17/2019,$6.02,28036910,$6.2,$6.23,$6
06/14/2019,$6.2,14668870,$6.24,$6.25,$6.06
06/13/2019,$6.23,17451040,$6.21,$6.24,$6.16
06/12/2019,$6.19,31467140,$6.22,$6.25,$6.14
06/11/2019,$6.27,22778990,$6.26,$6.33,$6.2
06/10/2019,$6.3,18015950,$6.49,$6.53,$6.26
06/07/2019,$6.46,8483517,$6.47,$6.545,$6.43
06/06/2019,$6.49,14358110,$6.46,$6.55,$6.43
06/05/2019,$6.45,13084000,$6.39,$6.46,$6.26
06/04/2019,$6.35,13559770,$6.13,$6.35,$6.105
06/03/2019,$6.09,17443850,$6.27,$6.29,$6.04
05/31/2019,$6.29,14850930,$6.18,$6.36,$6.16
05/30/2019,$6.27,16402600,$6.42,$6.45,$6.21
05/29/2019,$6.19,13570210,$6.09,$6.21,$6.03
05/28/2019,$6.13,13388060,$6.13,$6.25,$6.1
05/24/2019,$6.06,8237610,$6.15,$6.16,$6.02
05/23/2019,$6.07,14309080,$6.15,$6.21,$5.965
05/22/2019,$6.21,8889630,$6.17,$6.22,$6.16
05/21/2019,$6.17,16628130,$6.19,$6.23,$6.12
05/20/2019,$6.15,17094690,$6.1,$6.295,$6.06
05/17/2019,$6.19,10075800,$6.18,$6.215,$6.105
05/16/2019,$6.23,12172530,$6.19,$6.31,$6.18
05/15/2019,$6.19,18237190,$6.01,$6.275,$6
05/14/2019,$6.01,21111540,$5.93,$6.09,$5.92
05/13/2019,$5.88,18588310,$5.84,$5.93,$5.75
05/10/2019,$5.94,20204700,$5.94,$6.02,$5.855
05/09/2019,$5.94,29561080,$6,$6.01,$5.87
05/08/2019,$6.04,23889220,$6.1,$6.16,$6.03
05/07/2019,$6.09,18414470,$6.14,$6.16,$6.01
05/06/2019,$6.17,18505710,$5.86,$6.18,$5.82
05/03/2019,$6.03,33778920,$5.91,$6.07,$5.77
05/02/2019,$5.82,77694920,$6.23,$6.28,$5.72
05/01/2019,$5.51,37618440,$5.73,$5.78,$5.47
04/30/2019,$5.66,24091170,$5.53,$5.7,$5.51
04/29/2019,$5.53,30318940,$5.52,$5.57,$5.5
04/26/2019,$5.51,18069400,$5.49,$5.55,$5.46
04/25/2019,$5.46,15401840,$5.6,$5.62,$5.41
04/24/2019,$5.58,13525050,$5.65,$5.65,$5.53
04/23/2019,$5.62,15013780,$5.58,$5.65,$5.5215
04/22/2019,$5.52,17563400,$5.48,$5.54,$5.4
04/18/2019,$5.44,36257060,$5.33,$5.46,$5.22
04/17/2019,$5.25,11228170,$5.4,$5.4,$5.24
04/16/2019,$5.36,9852977,$5.49,$5.5,$5.33
04/15/2019,$5.46,12494780,$5.52,$5.53,$5.41
04/12/2019,$5.52,8221068,$5.52,$5.5307,$5.44
04/11/2019,$5.48,4848268,$5.5,$5.54,$5.45
04/10/2019,$5.47,7109486,$5.39,$5.48,$5.39
04/09/2019,$5.39,5362247,$5.33,$5.41,$5.32
04/08/2019,$5.37,7184019,$5.33,$5.38,$5.25
04/05/2019,$5.35,9038344,$5.35,$5.42,$5.31
04/04/2019,$5.34,11035750,$5.47,$5.52,$5.29
04/03/2019,$5.45,12011130,$5.42,$5.55,$5.42
04/02/2019,$5.41,8359362,$5.32,$5.445,$5.3
04/01/2019,$5.33,8664132,$5.34,$5.38,$5.25
03/29/2019,$5.33,11570980,$5.29,$5.36,$5.21
03/28/2019,$5.26,7311747,$5.24,$5.28,$5.16
03/27/2019,$5.22,16096120,$5.31,$5.34,$5.175
03/26/2019,$5.33,10639440,$5.33,$5.38,$5.285
03/25/2019,$5.31,11628190,$5.28,$5.39,$5.21
03/22/2019,$5.29,6821779,$5.44,$5.44,$5.27
03/21/2019,$5.42,9198847,$5.31,$5.47,$5.3
03/20/2019,$5.33,11698130,$5.29,$5.37,$5.23
03/19/2019,$5.31,9532777,$5.35,$5.389,$5.29
03/18/2019,$5.35,8537157,$5.38,$5.39,$5.27
03/15/2019,$5.37,19131510,$5.39,$5.42,$5.34
03/14/2019,$5.4,12776490,$5.36,$5.42,$5.24
03/13/2019,$5.37,13311540,$5.21,$5.39,$5.21
03/12/2019,$5.21,11741720,$5.26,$5.26,$5.18
03/11/2019,$5.24,17551180,$5.17,$5.25,$5.12
03/08/2019,$5.12,8461500,$5.03,$5.155,$4.985
03/07/2019,$5.08,15866330,$5.13,$5.18,$5.02
03/06/2019,$5.13,10630320,$5.15,$5.22,$5.1
03/05/2019,$5.15,9158648,$5.2,$5.21,$5.13
03/04/2019,$5.2,19349350,$5.4,$5.4,$5.05
03/01/2019,$5.34,10425990,$5.24,$5.34,$5.17
02/28/2019,$5.22,12279180,$5.17,$5.25,$5.1
02/27/2019,$5.15,14413840,$5,$5.19,$4.995
02/26/2019,$5.03,20688670,$5.02,$5.04,$4.96
02/25/2019,$5.03,13112840,$5.07,$5.07,$4.95
02/22/2019,$5.03,17938730,$4.99,$5.1,$4.98
02/21/2019,$4.96,14634550,$5.02,$5.04,$4.94
02/20/2019,$5.04,15581110,$5.1,$5.17,$5
02/19/2019,$5.1,12321700,$5,$5.12,$4.99
02/15/2019,$5.03,25932270,$4.99,$5.14,$4.96
02/14/2019,$4.98,14119470,$4.87,$5.01,$4.84
02/13/2019,$4.9,17117480,$4.92,$4.97,$4.875
02/12/2019,$4.93,14132290,$4.85,$4.95,$4.83
02/11/2019,$4.84,13099800,$4.94,$5,$4.81
02/08/2019,$4.88,12556720,$4.74,$4.89,$4.74
02/07/2019,$4.74,32626950,$4.79,$4.86,$4.64
02/06/2019,$4.51,29139210,$4.56,$4.58,$4.325
02/05/2019,$4.58,14240530,$4.53,$4.595,$4.48
02/04/2019,$4.52,11162050,$4.55,$4.59,$4.48
02/01/2019,$4.5,8314541,$4.49,$4.55,$4.4775
01/31/2019,$4.48,9907113,$4.45,$4.54,$4.44
01/30/2019,$4.47,11104250,$4.47,$4.54,$4.41
01/29/2019,$4.42,7986222,$4.38,$4.44,$4.32
01/28/2019,$4.38,39243660,$4.41,$4.46,$4.33
01/25/2019,$4.38,12673490,$4.43,$4.45,$4.33
01/24/2019,$4.41,17069430,$4.25,$4.43,$4.245
01/23/2019,$4.26,9272627,$4.35,$4.355,$4.2141
01/22/2019,$4.33,11672230,$4.26,$4.36,$4.24
01/18/2019,$4.26,17571110,$4.3,$4.35,$4.255
01/17/2019,$4.28,10000630,$4.29,$4.32,$4.25
01/16/2019,$4.29,10672580,$4.3,$4.31,$4.22
01/15/2019,$4.27,9220738,$4.25,$4.32,$4.23
01/14/2019,$4.24,7648463,$4.28,$4.31,$4.23
01/11/2019,$4.31,12540250,$4.29,$4.33,$4.24
01/10/2019,$4.29,11425850,$4.26,$4.315,$4.19
01/09/2019,$4.27,14193490,$4.16,$4.27,$4.125
01/08/2019,$4.14,14529590,$4.12,$4.17,$4.07
01/07/2019,$4.07,16241850,$4.01,$4.15,$3.99
01/04/2019,$4.02,13669460,$4,$4.08,$3.94
01/03/2019,$3.92,11486850,$3.95,$4.04,$3.87
01/02/2019,$3.98,16052350,$3.9,$4.05,$3.885
12/31/2018,$3.93,9215326,$3.9,$3.97,$3.85
12/28/2018,$3.89,7103959,$3.86,$3.94,$3.79
12/27/2018,$3.88,14414440,$3.77,$3.88,$3.73
12/26/2018,$3.82,16126580,$3.64,$3.85,$3.64
12/24/2018,$3.62,7100256,$3.61,$3.745,$3.6
12/21/2018,$3.63,32766590,$3.7,$3.83,$3.575
12/20/2018,$3.59,11599690,$3.7,$3.745,$3.49
12/19/2018,$3.69,13862410,$3.68,$3.76,$3.67
12/18/2018,$3.68,9207849,$3.72,$3.77,$3.66
12/17/2018,$3.7,10951830,$3.7,$3.78,$3.67
12/14/2018,$3.71,8193097,$3.72,$3.77,$3.63
12/13/2018,$3.72,11427910,$3.78,$3.845,$3.72
12/12/2018,$3.75,12212040,$3.7,$3.84,$3.67
12/11/2018,$3.64,12912670,$3.81,$3.81,$3.62
12/10/2018,$3.67,12684610,$3.6,$3.74,$3.6
12/07/2018,$3.6,9362872,$3.61,$3.745,$3.57
12/06/2018,$3.63,9283394,$3.51,$3.63,$3.4791
12/04/2018,$3.55,11132270,$3.55,$3.64,$3.525
12/03/2018,$3.65,10504900,$3.67,$3.69,$3.51
11/30/2018,$3.62,14584860,$3.64,$3.69,$3.605
11/29/2018,$3.64,9156545,$3.58,$3.73,$3.535
11/28/2018,$3.61,17723380,$3.49,$3.63,$3.32
11/27/2018,$3.51,6743408,$3.52,$3.6,$3.51
11/26/2018,$3.54,6963752,$3.51,$3.6,$3.49
11/23/2018,$3.48,6796403,$3.47,$3.54,$3.45
11/21/2018,$3.49,10405280,$3.53,$3.53,$3.46
11/20/2018,$3.49,9922287,$3.37,$3.54,$3.36
11/19/2018,$3.44,11440420,$3.57,$3.61,$3.41
11/16/2018,$3.6,10421180,$3.58,$3.62,$3.49
11/15/2018,$3.57,10968550,$3.51,$3.67,$3.49
11/14/2018,$3.5,7294203,$3.54,$3.61,$3.49
11/13/2018,$3.52,7113729,$3.57,$3.61,$3.475
11/12/2018,$3.54,7452601,$3.6,$3.64,$3.46
11/09/2018,$3.61,16997860,$3.74,$3.755,$3.57
11/08/2018,$3.79,7843086,$3.84,$3.89,$3.76
11/07/2018,$3.89,12411960,$3.75,$3.9,$3.71
11/06/2018,$3.71,7165323,$3.72,$3.78,$3.67
11/05/2018,$3.71,6503570,$3.75,$3.79,$3.6
11/02/2018,$3.76,14269850,$3.66,$3.79,$3.57
11/01/2018,$3.66,20422460,$3.54,$3.82,$3.515
10/31/2018,$3.64,33653500,$3.75,$3.78,$3.58
10/30/2018,$3.67,24209010,$3.61,$3.79,$3.6
10/29/2018,$3.62,28316850,$3.89,$3.89,$3.58
10/26/2018,$3.83,9281963,$3.87,$3.91,$3.775
10/25/2018,$3.9,10559070,$3.85,$3.95,$3.84
10/24/2018,$3.8,13781190,$3.99,$4.0051,$3.8
10/23/2018,$3.95,12545570,$4,$4.005,$3.87
10/22/2018,$4.06,7455871,$4,$4.07,$3.97
10/19/2018,$4,8682890,$4.08,$4.13,$3.99
10/18/2018,$4.03,10804160,$4.18,$4.2,$4.01
10/17/2018,$4.2,8414262,$4.27,$4.27,$4.14
10/16/2018,$4.28,9342375,$4.27,$4.33,$4.22
10/15/2018,$4.26,11284460,$4.25,$4.28,$4.07
10/12/2018,$4.2,17661790,$4.28,$4.32,$4.155
10/11/2018,$4.18,23782240,$4.23,$4.33,$4.15
10/10/2018,$4.22,24605140,$4.4,$4.46,$4.19
10/09/2018,$4.36,65150950,$3.86,$4.5,$3.83
10/08/2018,$3.88,13108790,$4,$4.03,$3.82
10/05/2018,$4.02,11598810,$4.12,$4.2,$3.97
10/04/2018,$4.14,18930030,$4.09,$4.15,$4.03
10/03/2018,$4.1,15884910,$4.02,$4.1,$3.99
10/02/2018,$4.02,9139102,$4.04,$4.05,$3.95
10/01/2018,$4.01,7232546,$4.06,$4.06,$4
09/28/2018,$4.01,9175945,$4.05,$4.09,$3.99
09/27/2018,$3.96,7825556,$3.95,$4.045,$3.93
09/26/2018,$3.95,4987600,$3.99,$4,$3.93
09/25/2018,$3.97,7660210,$3.92,$4.02,$3.91
09/24/2018,$3.93,5628078,$3.9,$3.93,$3.85
09/21/2018,$3.92,6816781,$3.95,$3.97,$3.91
09/20/2018,$3.96,9522351,$3.92,$3.97,$3.89
09/19/2018,$3.92,12224250,$4,$4.025,$3.885
09/18/2018,$4.02,6861543,$3.95,$4.03,$3.95
09/17/2018,$3.95,7087483,$4.06,$4.06,$3.94
09/14/2018,$4.02,6559812,$4,$4.05,$4
09/13/2018,$3.98,7176442,$4.03,$4.07,$3.96
09/12/2018,$4.03,11196020,$4.02,$4.04,$3.931
09/11/2018,$4.01,8794894,$3.98,$4.02,$3.935
09/10/2018,$4,6308836,$3.98,$4.01,$3.93
09/07/2018,$3.94,8947787,$3.96,$4.025,$3.88
09/06/2018,$3.97,12105230,$4.03,$4.04,$3.9
09/05/2018,$4.02,14269320,$4.14,$4.18,$3.99
09/04/2018,$4.16,8459360,$4.17,$4.23,$4.15
08/31/2018,$4.16,11352110,$4.13,$4.18,$4.08
08/30/2018,$4.17,9211481,$4.14,$4.18,$4.1
08/29/2018,$4.15,17566890,$4.05,$4.18,$4
08/28/2018,$4.04,12320180,$3.91,$4.04,$3.885
08/27/2018,$3.94,7217466,$3.94,$3.95,$3.86
08/24/2018,$3.94,8195658,$3.93,$3.97,$3.9
08/23/2018,$3.93,12132250,$4.05,$4.06,$3.9
08/22/2018,$4.03,37735210,$4.12,$4.14,$4.01
08/21/2018,$3.74,5110034,$3.73,$3.8,$3.695
08/20/2018,$3.74,5295507,$3.74,$3.77,$3.68
08/17/2018,$3.72,5965542,$3.7,$3.765,$3.6804
08/16/2018,$3.7,5302814,$3.71,$3.76,$3.68
08/15/2018,$3.7,6760683,$3.75,$3.77,$3.65
08/14/2018,$3.76,7326151,$3.82,$3.85,$3.755
08/13/2018,$3.81,6972288,$3.82,$3.875,$3.79
08/10/2018,$3.82,12469020,$3.84,$3.88,$3.78
08/09/2018,$3.86,10893950,$3.85,$3.89,$3.81
08/08/2018,$3.95,7495352,$3.94,$3.96,$3.88
08/07/2018,$3.95,7494841,$3.98,$4.02,$3.93
08/06/2018,$3.96,14583100,$3.98,$4,$3.89
08/03/2018,$3.99,14611330,$4.03,$4.07,$3.98
08/02/2018,$4.06,18673970,$3.95,$4.135,$3.92
08/01/2018,$3.85,14765470,$3.85,$3.941,$3.83
07/31/2018,$3.79,12921290,$3.89,$3.94,$3.75
07/30/2018,$3.84,22787800,$4.04,$4.04,$3.795
07/27/2018,$4.05,14103570,$4.2,$4.2,$3.97
07/26/2018,$4.21,5551444,$4.2,$4.24,$4.11
07/25/2018,$4.23,4340725,$4.14,$4.27,$4.135
07/24/2018,$4.14,9827301,$4.2,$4.23,$4.1
07/23/2018,$4.19,6321488,$4.24,$4.25,$4.15
07/20/2018,$4.25,5370523,$4.29,$4.3,$4.21
07/19/2018,$4.28,4380106,$4.3,$4.32,$4.23
07/18/2018,$4.3,5822996,$4.34,$4.34,$4.22
07/17/2018,$4.31,4446006,$4.2,$4.37,$4.18
07/16/2018,$4.25,8422055,$4.33,$4.365,$4.23
07/13/2018,$4.34,6770896,$4.41,$4.43,$4.305
07/12/2018,$4.4,7383009,$4.29,$4.41,$4.23
07/11/2018,$4.26,7371250,$4.18,$4.3,$4.145
07/10/2018,$4.19,3983937,$4.25,$4.26,$4.17
07/09/2018,$4.24,5772002,$4.25,$4.26,$4.15
07/06/2018,$4.22,3615935,$4.13,$4.245,$4.12
07/05/2018,$4.13,8375572,$4.14,$4.17,$4.07
07/03/2018,$4.14,2366045,$4.14,$4.18,$4.09
07/02/2018,$4.13,5843233,$4.03,$4.205,$4.02
06/29/2018,$4.07,7213372,$4.05,$4.09,$4.04
06/28/2018,$4.04,12580230,$3.96,$4.08,$3.92
06/27/2018,$3.98,13758860,$4.15,$4.16,$3.97
06/26/2018,$4.11,18207410,$4.09,$4.1725,$4.08
06/25/2018,$4.08,9430014,$4.18,$4.2,$4.02
06/22/2018,$4.2,10094950,$4.16,$4.21,$4.07
06/21/2018,$4.17,6693773,$4.22,$4.24,$4.12
06/20/2018,$4.22,7811525,$4.21,$4.28,$4.2
06/19/2018,$4.2,13914670,$4.25,$4.25,$4.13
06/18/2018,$4.27,5690009,$4.3,$4.32,$4.25
06/15/2018,$4.33,7428948,$4.38,$4.4,$4.31
06/14/2018,$4.37,14663860,$4.33,$4.48,$4.31
06/13/2018,$4.29,14138210,$4.28,$4.39,$4.26
06/12/2018,$4.3,18365210,$4.39,$4.41,$4.25
06/11/2018,$4.38,6171088,$4.38,$4.38,$4.33
06/08/2018,$4.38,10647630,$4.45,$4.46,$4.36
06/07/2018,$4.44,18098120,$4.4,$4.57,$4.4
06/06/2018,$4.41,14935970,$4.44,$4.48,$4.38
06/05/2018,$4.43,9124677,$4.41,$4.47,$4.36
06/04/2018,$4.41,10064630,$4.5,$4.5,$4.33
06/01/2018,$4.47,18960540,$4.46,$4.56,$4.38
05/31/2018,$4.4,27116790,$4.34,$4.52,$4.331
05/30/2018,$4.32,27905770,$4.2,$4.43,$4.2
05/29/2018,$4.18,7346877,$4.16,$4.19,$4.13
05/25/2018,$4.17,7422184,$4.12,$4.22,$4.11
05/24/2018,$4.14,7832830,$4.14,$4.185,$4.07
05/23/2018,$4.13,6393259,$4.07,$4.14,$4.06
05/22/2018,$4.08,5202699,$4.09,$4.16,$4.06
05/21/2018,$4.09,6731744,$4.18,$4.19,$4.06
05/18/2018,$4.18,20164370,$4.09,$4.21,$4.06
05/17/2018,$4.08,28591540,$4.05,$4.125,$4.02
05/16/2018,$4.06,14985640,$4.06,$4.13,$4.02
05/15/2018,$4.07,19396300,$3.97,$4.09,$3.88
05/14/2018,$4,13981980,$3.96,$4.02,$3.94
05/11/2018,$3.96,8843737,$3.91,$3.97,$3.86
05/10/2018,$3.93,13608710,$3.95,$3.975,$3.885
05/09/2018,$3.9,21275960,$3.9,$3.96,$3.87
05/08/2018,$3.87,11967290,$3.75,$3.8875,$3.72
05/07/2018,$3.77,15438990,$3.79,$3.85,$3.73
05/04/2018,$3.76,24088440,$3.61,$3.85,$3.6
05/03/2018,$3.64,23248400,$3.66,$3.76,$3.51
05/02/2018,$3.64,12845320,$3.52,$3.65,$3.5
05/01/2018,$3.52,7751156,$3.43,$3.53,$3.43
04/30/2018,$3.45,8663542,$3.48,$3.5,$3.4
04/27/2018,$3.48,4564555,$3.47,$3.515,$3.43
04/26/2018,$3.44,8636586,$3.44,$3.5,$3.421
04/25/2018,$3.41,7908587,$3.46,$3.49,$3.39
04/24/2018,$3.47,6030697,$3.49,$3.56,$3.41
04/23/2018,$3.49,5245824,$3.52,$3.56,$3.48
04/20/2018,$3.53,4781173,$3.6,$3.63,$3.51
04/19/2018,$3.63,6095620,$3.63,$3.69,$3.6
04/18/2018,$3.63,4541029,$3.58,$3.65,$3.55
04/17/2018,$3.6,4258738,$3.6,$3.63,$3.58
04/16/2018,$3.55,3668140,$3.51,$3.57,$3.48
04/13/2018,$3.5,5057340,$3.59,$3.59,$3.49
04/12/2018,$3.55,4472044,$3.53,$3.59,$3.51
04/11/2018,$3.53,6940535,$3.51,$3.54,$3.47
04/10/2018,$3.52,6747614,$3.49,$3.53,$3.45
04/09/2018,$3.48,8085347,$3.46,$3.49,$3.4
04/06/2018,$3.44,10457420,$3.48,$3.51,$3.41
04/05/2018,$3.52,15299580,$3.56,$3.56,$3.44
04/04/2018,$3.52,9948520,$3.39,$3.535,$3.34
04/03/2018,$3.45,15210290,$3.57,$3.58,$3.385
04/02/2018,$3.55,9705719,$3.64,$3.65,$3.5
03/29/2018,$3.66,11172500,$3.7,$3.74,$3.61
03/28/2018,$3.68,10906080,$3.69,$3.75,$3.65
03/27/2018,$3.7,11096690,$3.85,$3.85,$3.68
03/26/2018,$3.85,9076065,$3.85,$3.86,$3.78
03/23/2018,$3.8,9942735,$3.81,$3.86,$3.79
03/22/2018,$3.81,14487170,$3.88,$3.94,$3.8
03/21/2018,$3.94,17594660,$3.85,$3.94,$3.81
03/20/2018,$3.83,6808692,$3.76,$3.83,$3.74
03/19/2018,$3.75,10608800,$3.78,$3.85,$3.7
03/16/2018,$3.82,8645958,$3.86,$3.91,$3.78
03/15/2018,$3.86,13219640,$3.78,$3.93,$3.77
03/14/2018,$3.77,10405100,$3.69,$3.8,$3.66
03/13/2018,$3.7,11864540,$3.76,$3.77,$3.67
03/12/2018,$3.75,6681327,$3.71,$3.77,$3.71
03/09/2018,$3.72,10579880,$3.72,$3.76,$3.69
03/08/2018,$3.71,12493230,$3.66,$3.73,$3.65
03/07/2018,$3.67,14104130,$3.54,$3.69,$3.52
03/06/2018,$3.55,5240185,$3.6,$3.61,$3.52
03/05/2018,$3.6,5394874,$3.5,$3.62,$3.49
03/02/2018,$3.53,5003951,$3.44,$3.55,$3.42
03/01/2018,$3.44,10634410,$3.49,$3.5,$3.37
02/28/2018,$3.46,8847271,$3.53,$3.55,$3.46
02/27/2018,$3.5,9954125,$3.58,$3.63,$3.5
02/26/2018,$3.61,7091304,$3.61,$3.6586,$3.5701
02/23/2018,$3.6,11282640,$3.51,$3.61,$3.49
02/22/2018,$3.52,9657449,$3.56,$3.58,$3.47
02/21/2018,$3.56,10014270,$3.56,$3.65,$3.54
02/20/2018,$3.57,7263537,$3.55,$3.59,$3.5
02/16/2018,$3.59,7572762,$3.59,$3.62,$3.53
02/15/2018,$3.57,16222790,$3.51,$3.62,$3.48
02/14/2018,$3.49,12581850,$3.44,$3.54,$3.42
02/13/2018,$3.45,11922720,$3.42,$3.47,$3.385
02/12/2018,$3.42,26482090,$3.35,$3.45,$3.32
02/09/2018,$3.31,35410050,$3.52,$3.53,$3.2
02/08/2018,$3.49,46290910,$3.85,$3.86,$3.45
02/07/2018,$3.69,28323850,$3.6,$3.69,$3.51
02/06/2018,$3.57,12506310,$3.46,$3.58,$3.415
02/05/2018,$3.51,15055380,$3.55,$3.68,$3.5
02/02/2018,$3.61,8792408,$3.68,$3.7,$3.59
02/01/2018,$3.69,7960881,$3.56,$3.74,$3.5414
01/31/2018,$3.58,9359431,$3.6,$3.65,$3.565
01/30/2018,$3.6,19342130,$3.62,$3.65,$3.48
01/29/2018,$3.67,7668835,$3.69,$3.71,$3.65
01/26/2018,$3.73,11688760,$3.78,$3.78,$3.68
01/25/2018,$3.69,7649043,$3.67,$3.74,$3.655
01/24/2018,$3.65,11777530,$3.74,$3.75,$3.65
01/23/2018,$3.72,11841080,$3.75,$3.77,$3.71
01/22/2018,$3.73,9011775,$3.74,$3.75,$3.71
01/19/2018,$3.72,12802460,$3.77,$3.77,$3.68
01/18/2018,$3.75,19990570,$3.81,$3.82,$3.72
01/17/2018,$3.8,68720220,$3.8,$3.84,$3.735
01/16/2018,$3.8,10238010,$3.97,$3.97,$3.76
01/12/2018,$3.97,7703869,$3.97,$3.98,$3.89
01/11/2018,$3.97,9399415,$3.9,$3.97,$3.88
01/10/2018,$3.89,3561002,$3.89,$3.9,$3.85
01/09/2018,$3.88,5427337,$3.91,$3.92,$3.86
01/08/2018,$3.91,8982984,$3.9,$3.92,$3.82
01/05/2018,$3.89,9962050,$3.92,$3.925,$3.84
01/04/2018,$3.89,10625330,$4.04,$4.05,$3.84
01/03/2018,$4.02,23112020,$3.95,$4.09,$3.9
01/02/2018,$3.92,12411190,$3.94,$4.04,$3.92
12/29/2017,$4,5264530,$3.99,$4,$3.93
12/28/2017,$3.97,3961884,$4,$4.01,$3.93
12/27/2017,$4.01,11638180,$3.95,$4.02,$3.94
12/26/2017,$3.95,4371881,$3.97,$3.97,$3.91
12/22/2017,$4,10170340,$3.98,$4,$3.93
12/21/2017,$4.02,7624933,$3.97,$4.02,$3.94
12/20/2017,$3.96,4470617,$3.97,$3.99,$3.93
12/19/2017,$3.97,7586843,$4.09,$4.09,$3.91
12/18/2017,$4.06,5945194,$4.1,$4.1,$4.01
12/15/2017,$4.04,9549817,$4.01,$4.07,$3.965
12/14/2017,$4,6485899,$4.01,$4.04,$3.97
12/13/2017,$4.01,7464383,$3.97,$4.03,$3.95
12/12/2017,$3.98,10871910,$3.92,$4.045,$3.9
12/11/2017,$3.93,8452457,$3.81,$3.93,$3.78
12/08/2017,$3.78,3963384,$3.85,$3.87,$3.78
12/07/2017,$3.82,9557376,$3.73,$3.87,$3.73
12/06/2017,$3.7,5933149,$3.78,$3.8,$3.7
12/05/2017,$3.77,7303337,$3.81,$3.84,$3.74
12/04/2017,$3.8,12066390,$3.97,$4,$3.77
12/01/2017,$3.96,10813860,$4.08,$4.09,$3.885
11/30/2017,$4.1,9654943,$4.09,$4.14,$4.03
11/29/2017,$4.05,14173710,$4.3,$4.34,$4.05
11/28/2017,$4.28,24487210,$4.17,$4.3,$4.1
11/27/2017,$4.17,8525712,$4.06,$4.18,$4.025
11/24/2017,$4.08,1172806,$4.09,$4.1,$4.07
11/22/2017,$4.06,5677771,$4.12,$4.15,$4.035
11/21/2017,$4.11,13780130,$4,$4.14,$4
11/20/2017,$4.02,8108120,$3.92,$4.04,$3.92
11/17/2017,$3.94,4534039,$3.87,$3.95,$3.87
11/16/2017,$3.9,5711818,$3.84,$3.95,$3.83
11/15/2017,$3.84,7381728,$3.84,$3.865,$3.815
11/14/2017,$3.85,4259516,$3.84,$3.89,$3.83
11/13/2017,$3.87,5706542,$3.85,$3.925,$3.84
11/10/2017,$3.89,8313022,$3.87,$3.96,$3.85
11/09/2017,$3.9,13551680,$3.8,$3.93,$3.72
11/08/2017,$3.83,37655160,$3.8,$4.09,$3.76
11/07/2017,$3.67,28767780,$3.89,$3.89,$3.63
11/06/2017,$3.86,8422795,$3.93,$3.94,$3.86
11/03/2017,$3.92,12539440,$3.88,$3.97,$3.86
11/02/2017,$3.88,6604450,$3.85,$3.89,$3.8
11/01/2017,$3.84,8750378,$3.91,$3.91,$3.785
10/31/2017,$3.9,9212959,$3.82,$3.9,$3.8
10/30/2017,$3.82,6300089,$3.77,$3.85,$3.76
10/27/2017,$3.77,5417099,$3.73,$3.78,$3.69
10/26/2017,$3.73,7278936,$3.78,$3.78,$3.6701
10/25/2017,$3.76,14483470,$3.78,$3.79,$3.63
10/24/2017,$3.79,5054969,$3.85,$3.88,$3.79
10/23/2017,$3.87,4423717,$3.95,$3.95,$3.85
10/20/2017,$3.94,12179210,$3.94,$3.97,$3.86
10/19/2017,$3.92,17310140,$3.86,$3.99,$3.84
10/18/2017,$3.88,15820440,$3.87,$3.95,$3.85
10/17/2017,$3.84,2306048,$3.84,$3.85,$3.8
10/16/2017,$3.84,4400294,$3.83,$3.86,$3.8
10/13/2017,$3.83,11629020,$3.76,$3.87,$3.74
10/12/2017,$3.74,4605777,$3.7,$3.76,$3.68
10/11/2017,$3.7,3532886,$3.71,$3.73,$3.69
10/10/2017,$3.71,4707203,$3.73,$3.74,$3.66
10/09/2017,$3.72,4905724,$3.71,$3.76,$3.7
10/06/2017,$3.79,8599225,$3.8,$3.82,$3.76
10/05/2017,$3.82,7878373,$3.82,$3.835,$3.74
10/04/2017,$3.82,5939949,$3.85,$3.86,$3.79
10/03/2017,$3.84,4929008,$3.83,$3.85,$3.79
10/02/2017,$3.84,10103350,$3.79,$3.88,$3.76
09/29/2017,$3.78,9850322,$3.75,$3.79,$3.68
09/28/2017,$3.73,8978231,$3.71,$3.76,$3.69
09/27/2017,$3.73,5166516,$3.72,$3.77,$3.69
09/26/2017,$3.7,15627530,$3.81,$3.81,$3.68
09/25/2017,$3.81,8875103,$3.86,$3.87,$3.73
09/22/2017,$3.85,6159473,$3.86,$3.89,$3.83
09/21/2017,$3.87,4608938,$3.95,$3.95,$3.86
09/20/2017,$3.91,25744060,$3.94,$4.02,$3.88
09/19/2017,$3.88,22555810,$3.85,$3.93,$3.79
09/18/2017,$3.83,12132950,$3.79,$3.88,$3.78
09/15/2017,$3.82,6186915,$3.79,$3.85,$3.75
09/14/2017,$3.77,6000623,$3.91,$3.91,$3.74
09/13/2017,$3.84,24121120,$3.79,$4.02,$3.77
09/12/2017,$3.79,11973480,$3.74,$3.82,$3.715
09/11/2017,$3.74,4048884,$3.72,$3.75,$3.685
09/08/2017,$3.68,6344634,$3.7,$3.755,$3.65
09/07/2017,$3.69,12971010,$3.61,$3.74,$3.61
09/06/2017,$3.61,6712072,$3.67,$3.68,$3.57
09/05/2017,$3.66,5281215,$3.72,$3.73,$3.63
09/01/2017,$3.74,6748942,$3.77,$3.79,$3.72
08/31/2017,$3.75,9719764,$3.71,$3.79,$3.69
08/30/2017,$3.74,12632080,$3.62,$3.77,$3.61
08/29/2017,$3.62,7530901,$3.58,$3.65,$3.58
08/28/2017,$3.63,6133214,$3.61,$3.65,$3.59
08/25/2017,$3.62,3917720,$3.66,$3.7,$3.61
08/24/2017,$3.67,5192937,$3.6,$3.68,$3.6
08/23/2017,$3.62,5021915,$3.64,$3.68,$3.62
08/22/2017,$3.65,5139093,$3.6,$3.67,$3.58
08/21/2017,$3.6,3364982,$3.6,$3.635,$3.57
08/18/2017,$3.62,5760577,$3.56,$3.65,$3.54
08/17/2017,$3.57,5755026,$3.6,$3.62,$3.55
08/16/2017,$3.62,7341557,$3.61,$3.64,$3.56
08/15/2017,$3.62,8839079,$3.61,$3.67,$3.59
08/14/2017,$3.58,10859740,$3.66,$3.67,$3.56
08/11/2017,$3.63,7401846,$3.62,$3.66,$3.58
08/10/2017,$3.62,7743061,$3.72,$3.75,$3.6
08/09/2017,$3.76,10319830,$3.65,$3.78,$3.65
08/08/2017,$3.71,20235870,$3.59,$3.75,$3.58
08/07/2017,$3.6,11725460,$3.57,$3.63,$3.54
08/04/2017,$3.57,15339960,$3.63,$3.67,$3.53
08/03/2017,$3.69,28459930,$3.79,$3.81,$3.58
08/02/2017,$3.58,18084360,$3.65,$3.67,$3.49
08/01/2017,$3.62,9240333,$3.61,$3.68,$3.57
07/31/2017,$3.61,9033221,$3.65,$3.68,$3.59
07/28/2017,$3.64,10764110,$3.65,$3.66,$3.595
07/27/2017,$3.66,7422722,$3.73,$3.78,$3.59
07/26/2017,$3.72,3199049,$3.74,$3.76,$3.7
07/25/2017,$3.74,5681258,$3.76,$3.78,$3.72
07/24/2017,$3.75,5379811,$3.76,$3.805,$3.73
07/21/2017,$3.78,12764500,$3.73,$3.815,$3.66
07/20/2017,$3.76,17726380,$3.7,$3.83,$3.7
07/19/2017,$3.7,6736760,$3.64,$3.7,$3.58
07/18/2017,$3.65,6537064,$3.58,$3.65,$3.55
07/17/2017,$3.58,6961273,$3.65,$3.67,$3.56
07/14/2017,$3.65,5939851,$3.57,$3.65,$3.57
07/13/2017,$3.56,13526430,$3.64,$3.65,$3.54
07/12/2017,$3.64,7218238,$3.61,$3.65,$3.6
07/11/2017,$3.6,5023224,$3.6,$3.637,$3.57
07/10/2017,$3.62,5587737,$3.58,$3.67,$3.56
07/07/2017,$3.6,7300922,$3.53,$3.64,$3.52
07/06/2017,$3.5,15011570,$3.57,$3.57,$3.47
07/05/2017,$3.59,10673050,$3.64,$3.69,$3.53
07/03/2017,$3.62,3913014,$3.65,$3.66,$3.61
06/30/2017,$3.64,10056390,$3.62,$3.685,$3.57
06/29/2017,$3.61,15707170,$3.72,$3.73,$3.59
06/28/2017,$3.71,16963720,$3.73,$3.74,$3.67
06/27/2017,$3.71,10249820,$3.78,$3.81,$3.69
06/26/2017,$3.78,14680090,$3.79,$3.86,$3.73
06/23/2017,$3.79,23207220,$3.62,$3.79,$3.61
06/22/2017,$3.62,5380799,$3.63,$3.65,$3.6
06/21/2017,$3.64,11314580,$3.64,$3.67,$3.58
06/20/2017,$3.62,12931110,$3.65,$3.72,$3.6
06/19/2017,$3.68,10454860,$3.69,$3.7,$3.6
06/16/2017,$3.69,17858470,$3.64,$3.735,$3.63
06/15/2017,$3.65,25755390,$3.53,$3.73,$3.49
06/14/2017,$3.53,22221960,$3.55,$3.6,$3.44
06/13/2017,$3.51,13131500,$3.62,$3.6256,$3.48
06/12/2017,$3.58,20037210,$3.7,$3.7,$3.53
06/09/2017,$3.71,42252340,$3.715,$3.82,$3.6
06/08/2017,$3.58,11047850,$3.59,$3.61,$3.55
06/07/2017,$3.59,11672870,$3.63,$3.64,$3.55
06/06/2017,$3.61,10057160,$3.6,$3.69,$3.58
06/05/2017,$3.61,10817270,$3.64,$3.68,$3.6
06/02/2017,$3.63,17037140,$3.6,$3.7,$3.54
06/01/2017,$3.58,15706250,$3.54,$3.65,$3.53
05/31/2017,$3.52,14838350,$3.61,$3.63,$3.5
05/30/2017,$3.6,22613100,$3.55,$3.62,$3.49
05/26/2017,$3.49,7998194,$3.48,$3.51,$3.4
05/25/2017,$3.49,15632310,$3.59,$3.625,$3.45
05/24/2017,$3.58,12393480,$3.5,$3.6,$3.46
05/23/2017,$3.5,12352600,$3.47,$3.52,$3.4
05/22/2017,$3.44,6198028,$3.45,$3.48,$3.4
05/19/2017,$3.45,16499030,$3.43,$3.51,$3.41
05/18/2017,$3.4,7830642,$3.35,$3.45,$3.35
05/17/2017,$3.37,16566230,$3.41,$3.47,$3.35
05/16/2017,$3.49,20362410,$3.4,$3.52,$3.38
05/15/2017,$3.39,16077580,$3.31,$3.43,$3.3
05/12/2017,$3.32,8879064,$3.35,$3.4,$3.32
05/11/2017,$3.4,11306550,$3.33,$3.4,$3.26
05/10/2017,$3.37,9947864,$3.34,$3.39,$3.31
05/09/2017,$3.33,18887300,$3.28,$3.36,$3.22
05/08/2017,$3.34,34812080,$3.22,$3.4,$3.17
05/05/2017,$3.2,42196840,$3.02,$3.23,$2.96
05/04/2017,$2.84,11784460,$2.9,$2.93,$2.84
05/03/2017,$2.9,3126467,$2.91,$2.91,$2.845
05/02/2017,$2.91,5421143,$2.85,$2.925,$2.84
05/01/2017,$2.87,9308602,$2.9,$2.94,$2.84
04/28/2017,$2.89,8826420,$2.86,$2.94,$2.81
04/27/2017,$2.84,4550080,$2.84,$2.865,$2.82
04/26/2017,$2.82,12696310,$2.85,$2.9,$2.82
04/25/2017,$2.86,6989286,$2.85,$2.9,$2.82
04/24/2017,$2.86,6127170,$2.82,$2.86,$2.79
04/21/2017,$2.79,5321303,$2.8,$2.815,$2.77
04/20/2017,$2.82,2892745,$2.84,$2.85,$2.82
04/19/2017,$2.82,5771204,$2.81,$2.85,$2.79
04/18/2017,$2.82,22883610,$2.77,$2.83,$2.77
04/17/2017,$2.78,6556115,$2.73,$2.8,$2.73
04/13/2017,$2.77,3045183,$2.77,$2.81,$2.76
04/12/2017,$2.78,2942090,$2.79,$2.81,$2.77
04/11/2017,$2.79,9946452,$2.79,$2.83,$2.78
04/10/2017,$2.79,17655290,$2.81,$2.83,$2.76
04/07/2017,$2.8,4012558,$2.79,$2.865,$2.78
04/06/2017,$2.8,4623943,$2.81,$2.82,$2.78
04/05/2017,$2.78,7718310,$2.79,$2.82,$2.78
04/04/2017,$2.79,9823784,$2.81,$2.84,$2.79
04/03/2017,$2.83,5268047,$2.85,$2.86,$2.79
03/31/2017,$2.85,5421896,$2.9,$2.92,$2.84
03/30/2017,$2.88,22847970,$2.84,$2.95,$2.825
03/29/2017,$2.83,3889251,$2.81,$2.85,$2.81
03/28/2017,$2.82,7217585,$2.8,$2.85,$2.79
03/27/2017,$2.81,3034605,$2.76,$2.81,$2.76
03/24/2017,$2.8,4035700,$2.79,$2.84,$2.79
03/23/2017,$2.81,9012528,$2.75,$2.83,$2.74
03/22/2017,$2.76,3275124,$2.73,$2.76,$2.71
03/21/2017,$2.76,5687085,$2.8,$2.825,$2.74
03/20/2017,$2.8,7977228,$2.79,$2.83,$2.78
03/17/2017,$2.8,7240950,$2.82,$2.84,$2.79
03/16/2017,$2.84,6819996,$2.73,$2.86,$2.73
03/15/2017,$2.84,5596106,$2.79,$2.87,$2.78
03/14/2017,$2.78,5267546,$2.8,$2.81,$2.77
03/13/2017,$2.81,4664689,$2.83,$2.85,$2.8
03/10/2017,$2.82,7076741,$2.76,$2.84,$2.76
03/09/2017,$2.75,4066928,$2.74,$2.76,$2.73
03/08/2017,$2.74,2558211,$2.75,$2.76,$2.73
03/07/2017,$2.74,4019054,$2.75,$2.76,$2.7172
03/06/2017,$2.75,4051877,$2.75,$2.77,$2.75
03/03/2017,$2.78,11338020,$2.71,$2.81,$2.7
03/02/2017,$2.74,6781195,$2.72,$2.75,$2.71
03/01/2017,$2.71,11395460,$2.7,$2.74,$2.68
02/28/2017,$2.65,9373836,$2.68,$2.7,$2.64
02/27/2017,$2.69,11509610,$2.67,$2.71,$2.65
02/24/2017,$2.7,6418886,$2.69,$2.73,$2.67
02/23/2017,$2.71,9844985,$2.83,$2.84,$2.7
02/22/2017,$2.83,23266030,$2.7,$2.845,$2.7
02/21/2017,$2.71,10078300,$2.67,$2.71,$2.66
02/17/2017,$2.68,11927810,$2.62,$2.7,$2.62
02/16/2017,$2.63,7154617,$2.61,$2.66,$2.61
02/15/2017,$2.67,31620950,$2.59,$2.69,$2.55
02/14/2017,$2.7,10346360,$2.58,$2.74,$2.57
02/13/2017,$2.63,11192080,$2.6,$2.65,$2.53
02/10/2017,$2.58,18768520,$2.45,$2.65,$2.4
02/09/2017,$2.52,17375170,$2.54,$2.57,$2.47
02/08/2017,$2.5,24972800,$2.56,$2.56,$2.48
02/07/2017,$2.57,27667660,$2.55,$2.575,$2.43
02/06/2017,$2.54,13943580,$2.54,$2.55,$2.5
02/03/2017,$2.55,7479716,$2.54,$2.56,$2.53
02/02/2017,$2.54,5993282,$2.54,$2.56,$2.53
02/01/2017,$2.55,9094292,$2.55,$2.57,$2.53
01/31/2017,$2.52,12791040,$2.57,$2.5978,$2.51
01/30/2017,$2.6,4879670,$2.55,$2.6,$2.529
01/27/2017,$2.57,9792930,$2.57,$2.59,$2.55
01/26/2017,$2.57,8609057,$2.6,$2.62,$2.56
01/25/2017,$2.6,17657670,$2.56,$2.61,$2.54
01/24/2017,$2.55,15116370,$2.59,$2.61,$2.52
01/23/2017,$2.6,6817941,$2.62,$2.63,$2.58
01/20/2017,$2.64,9480126,$2.65,$2.65,$2.59
01/19/2017,$2.63,4169019,$2.62,$2.65,$2.62
01/18/2017,$2.605,2644184,$2.63,$2.64,$2.59
01/17/2017,$2.63,4165964,$2.6,$2.645,$2.6
01/13/2017,$2.64,10329720,$2.68,$2.69,$2.6
01/12/2017,$2.67,7578342,$2.65,$2.69,$2.61
01/11/2017,$2.63,8814262,$2.59,$2.64,$2.57
01/10/2017,$2.6,9395602,$2.66,$2.685,$2.6
01/09/2017,$2.66,10598770,$2.71,$2.76,$2.66
01/06/2017,$2.72,5996077,$2.67,$2.73,$2.64
01/05/2017,$2.65,5953669,$2.69,$2.71,$2.63
01/04/2017,$2.69,9598538,$2.66,$2.73,$2.62
01/03/2017,$2.65,19616620,$2.6,$2.65,$2.56
12/30/2016,$2.57,7396601,$2.58,$2.6,$2.56
12/29/2016,$2.6,4748568,$2.58,$2.62,$2.57
12/28/2016,$2.58,4177147,$2.58,$2.6,$2.55
12/27/2016,$2.59,6829766,$2.62,$2.65,$2.55
12/23/2016,$2.59,10777510,$2.6,$2.625,$2.56
12/22/2016,$2.56,15009030,$2.65,$2.65,$2.52
12/21/2016,$2.65,6430548,$2.69,$2.7,$2.63
12/20/2016,$2.69,7547287,$2.69,$2.74,$2.68
12/19/2016,$2.68,18371510,$2.78,$2.78,$2.64
12/16/2016,$2.76,11888130,$2.81,$2.835,$2.73
12/15/2016,$2.83,8374720,$2.8,$2.84,$2.78
12/14/2016,$2.79,7832777,$2.8,$2.81,$2.75
12/13/2016,$2.81,9274562,$2.91,$2.94,$2.8
12/12/2016,$2.88,11856080,$2.92,$2.96,$2.88
12/09/2016,$2.93,14950510,$3.05,$3.05,$2.9
12/08/2016,$3.01,11846180,$3.03,$3.08,$3
12/07/2016,$3,14022480,$2.92,$3.02,$2.9
12/06/2016,$2.92,16150770,$2.95,$2.96,$2.87
12/05/2016,$2.95,8295535,$2.87,$2.97,$2.8538
12/02/2016,$2.86,5178557,$2.86,$2.89,$2.8442
12/01/2016,$2.87,18944510,$2.86,$2.9,$2.77
11/30/2016,$2.86,5382200,$2.89,$2.9,$2.85
11/29/2016,$2.87,6350470,$2.84,$2.89,$2.83
11/28/2016,$2.85,4420094,$2.86,$2.9,$2.84
11/25/2016,$2.88,2215999,$2.89,$2.92,$2.87
11/23/2016,$2.85,4364727,$2.79,$2.86,$2.785
11/22/2016,$2.79,8286278,$2.8,$2.825,$2.78
11/21/2016,$2.8,3858887,$2.81,$2.81,$2.78
11/18/2016,$2.8,9686304,$2.8,$2.83,$2.79
11/17/2016,$2.8,7427437,$2.82,$2.835,$2.8
11/16/2016,$2.81,18136080,$2.8,$2.84,$2.78
11/15/2016,$2.85,10524790,$2.85,$2.93,$2.84
11/14/2016,$2.85,7665642,$2.88,$2.92,$2.85
11/11/2016,$2.89,7988908,$2.78,$2.9,$2.75
11/10/2016,$2.8,8024376,$2.81,$2.86,$2.75
11/09/2016,$2.82,12526660,$2.85,$2.88,$2.76
11/08/2016,$2.88,19098050,$2.73,$2.9,$2.71
11/07/2016,$2.73,13867370,$2.76,$2.83,$2.71
11/04/2016,$2.73,11180450,$2.74,$2.81,$2.72
11/03/2016,$2.76,22734260,$2.71,$2.86,$2.7
11/02/2016,$2.74,19941470,$2.8,$2.836,$2.7
11/01/2016,$2.8,8511203,$2.81,$2.89,$2.77
10/31/2016,$2.81,5711355,$2.82,$2.83,$2.76
10/28/2016,$2.82,13067450,$2.79,$2.84,$2.77
10/27/2016,$2.78,8937982,$2.82,$2.85,$2.78
10/26/2016,$2.82,8227155,$2.9,$2.9,$2.8
10/25/2016,$2.91,4076209,$2.94,$2.96,$2.91
10/24/2016,$2.935,6174762,$2.9,$2.94,$2.89
10/21/2016,$2.88,3306697,$2.89,$2.92,$2.86
10/20/2016,$2.91,11602880,$2.87,$2.92,$2.86
10/19/2016,$2.88,8765522,$2.82,$2.89,$2.82
10/18/2016,$2.82,13737110,$2.83,$2.885,$2.81
10/17/2016,$2.78,11591980,$2.78,$2.85,$2.775
10/14/2016,$2.85,22926490,$2.91,$2.95,$2.84
10/13/2016,$2.9,13474900,$2.91,$2.94,$2.85
10/12/2016,$2.94,16382510,$2.9,$2.97,$2.86
10/11/2016,$2.89,23665830,$2.92,$2.96,$2.84
10/10/2016,$3.01,17300070,$2.95,$3.04,$2.94
10/07/2016,$2.94,12856140,$2.93,$2.95,$2.87
10/06/2016,$2.92,11588610,$2.98,$2.99,$2.91
10/05/2016,$2.97,19893940,$2.9,$3.02,$2.875
10/04/2016,$2.89,12449160,$2.85,$2.92,$2.85
10/03/2016,$2.86,12978850,$2.91,$2.92,$2.84
09/30/2016,$2.91,16957840,$2.83,$2.93,$2.81
09/29/2016,$2.81,13107140,$2.84,$2.865,$2.8
09/28/2016,$2.82,10752010,$2.87,$2.87,$2.8
09/27/2016,$2.88,12155370,$2.81,$2.88,$2.81
09/26/2016,$2.83,14559510,$2.82,$2.86,$2.81
09/23/2016,$2.84,6423700,$2.84,$2.85,$2.8
09/22/2016,$2.84,8686960,$2.87,$2.87,$2.79
09/21/2016,$2.87,12623690,$2.82,$2.88,$2.77
09/20/2016,$2.81,9019090,$2.87,$2.875,$2.785
09/19/2016,$2.86,9144584,$2.91,$2.92,$2.85
09/16/2016,$2.91,10110060,$2.89,$2.92,$2.87
09/15/2016,$2.92,11226040,$2.9,$2.9457,$2.87
09/14/2016,$2.91,16961170,$2.87,$2.91,$2.82
09/13/2016,$2.86,19922240,$2.79,$2.86,$2.79
09/12/2016,$2.84,28295190,$2.71,$2.84,$2.67
09/09/2016,$2.73,18569100,$2.85,$2.86,$2.72
09/08/2016,$2.85,26846070,$2.74,$2.89,$2.71
09/07/2016,$2.76,12237670,$2.79,$2.8,$2.73
09/06/2016,$2.78,18534870,$2.72,$2.79,$2.7
09/02/2016,$2.72,13414770,$2.69,$2.76,$2.69
09/01/2016,$2.68,7890719,$2.75,$2.75,$2.67
08/31/2016,$2.73,16733370,$2.74,$2.77,$2.72
08/30/2016,$2.76,7263532,$2.76,$2.78,$2.73
08/29/2016,$2.77,15395150,$2.67,$2.79,$2.64
08/26/2016,$2.69,16597970,$2.64,$2.71,$2.64
08/25/2016,$2.64,11666470,$2.63,$2.67,$2.62
08/24/2016,$2.62,7526825,$2.66,$2.69,$2.61
08/23/2016,$2.66,5637643,$2.65,$2.68,$2.65
08/22/2016,$2.65,9486271,$2.68,$2.7,$2.62
08/19/2016,$2.67,5873824,$2.66,$2.69,$2.66
08/18/2016,$2.66,12250870,$2.65,$2.7158,$2.65
08/17/2016,$2.66,11118020,$2.64,$2.68,$2.62
08/16/2016,$2.68,12427070,$2.64,$2.73,$2.64
08/15/2016,$2.71,7953687,$2.65,$2.73,$2.65
08/12/2016,$2.65,12279150,$2.68,$2.69,$2.65
08/11/2016,$2.66,16137710,$2.72,$2.73,$2.66
08/10/2016,$2.72,6339893,$2.74,$2.765,$2.72
08/09/2016,$2.75,7423837,$2.8,$2.82,$2.75
08/08/2016,$2.82,13744360,$2.79,$2.85,$2.77
08/05/2016,$2.77,21024670,$2.79,$2.865,$2.71
08/04/2016,$2.97,19788770,$2.98,$3.02,$2.91
08/03/2016,$2.96,21176270,$2.93,$2.98,$2.915
08/02/2016,$2.85,6739378,$2.88,$2.905,$2.83
08/01/2016,$2.88,10390290,$2.86,$2.9,$2.82
07/29/2016,$2.87,8492668,$2.87,$2.8856,$2.82
07/28/2016,$2.87,10676540,$2.9,$2.94,$2.855
07/27/2016,$2.89,7743393,$2.89,$2.89,$2.85
07/26/2016,$2.88,10071690,$2.8,$2.89,$2.8
